account	period	atr	rr	model	threshold	min_conf	kept	pnl	pf	wr	max_dd_pct	avg_pnl	avg_r
C	2025-10-01	1.5	1.5	UNFILTERED	—	0.45	123	862.7540000000049	1.3206394995556987	0.43089430894308944	31.995724160866303	7.014260162601666	5.22953043149167
C	2025-10-01	1.5	1.5	V4	0.65	0.45	80	1107.9870000000042	1.691595826157738	0.5	15.455971059132926	13.849837500000053	21.825119725609696
C	2025-10-01	1.5	2.0	UNFILTERED	—	0.45	111	-355.5619999999967	0.8836828455080302	0.3153153153153153	62.08743109424737	-3.2032612612612317	-11.760757102549418
C	2025-10-01	1.5	2.0	V4	0.65	0.45	67	-277.73899999999776	0.8616969202630635	0.3283582089552239	53.86487933190834	-4.145358208955191	-9.358835296430517
C	2025-10-01	1.5	2.5	UNFILTERED	—	0.45	103	270.56400000000394	1.0974889823873148	0.34951456310679613	45.85763110076101	2.626834951456349	6.946478118197591
C	2025-10-01	1.5	2.5	V4	0.65	0.45	59	251.24400000000423	1.142994388225521	0.3898305084745763	38.07747439036105	4.258372881356004	17.351704962641392
C	2025-10-01	1.5	3.0	UNFILTERED	—	0.45	91	1193.705000000004	1.509717993093624	0.3956043956043956	31.305300428490067	13.117637362637407	32.15882422542657
C	2025-10-01	1.5	3.0	V4	0.65	0.45	57	845.0000000000036	1.538153147559049	0.45614035087719296	22.48632780842708	14.824561403508836	45.02763555952275
C	2025-10-01	2.0	1.5	UNFILTERED	—	0.45	98	-77.13700000000333	0.9749735011824286	0.3877551020408163	43.17913890100214	-0.7871122448979931	-5.510726085297108
C	2025-10-01	2.0	1.5	V4	0.65	0.45	57	-116.35100000000419	0.9405926590824011	0.42105263157894735	41.89088771280088	-2.0412456140351614	-0.027101242310103066
C	2025-10-01	2.0	2.0	UNFILTERED	—	0.45	91	-1014.8010000000045	0.7041326631911707	0.31868131868131866	101.20099675996248	-11.15165934065939	-15.426718672160582
C	2025-10-01	2.0	2.0	V4	0.65	0.45	52	-694.5100000000043	0.7000852013502651	0.34615384615384615	79.78588883132171	-13.35596153846162	-11.926160279385549
C	2025-10-01	2.0	2.5	UNFILTERED	—	0.45	84	20.39399999999894	1.0068419481133812	0.32142857142857145	45.04810742285744	0.24278571428570167	-4.448779727151933
C	2025-10-01	2.0	2.5	V4	0.65	0.45	54	215.84099999999634	1.1022533145478144	0.35185185185185186	34.092721334580204	3.997055555555488	3.0288909543225135
C	2025-10-01	2.0	3.0	UNFILTERED	—	0.45	82	732.8659999999995	1.2694051270589546	0.34146341463414637	32.96519063134067	8.937390243902433	7.3823180343910275
C	2025-10-01	2.0	3.0	V4	0.65	0.45	50	419.04599999999846	1.2136297107444958	0.34	30.91564239941175	8.38091999999997	8.020408703346352
C	2025-10-01	2.5	1.5	UNFILTERED	—	0.45	84	257.7340000000027	1.0838930893192187	0.4166666666666667	44.46210960341033	3.068261904761937	0.9760391648388262
C	2025-10-01	2.5	1.5	V4	0.65	0.45	51	196.4620000000005	1.0929979143609927	0.45098039215686275	40.22019935126917	3.8521960784313825	8.576742242655799
C	2025-10-01	2.5	2.0	UNFILTERED	—	0.45	78	-426.8580000000042	0.870884745810902	0.3717948717948718	72.63372607960514	-5.472538461538515	-0.9201486862400226
C	2025-10-01	2.5	2.0	V4	0.65	0.45	49	100.41799999999473	1.0461992089573569	0.42857142857142855	44.70750325599363	2.0493469387754026	13.796846341413637
C	2025-10-01	2.5	2.5	UNFILTERED	—	0.45	75	-441.2680000000046	0.869823769962244	0.32	72.10857861961806	-5.883573333333394	-4.545019700132432
C	2025-10-01	2.5	2.5	V4	0.65	0.45	50	150.47099999999546	1.063387570692867	0.36	45.200322757038826	3.009419999999909	9.168686047322343
C	2025-10-01	2.5	3.0	UNFILTERED	—	0.45	68	1822.7099999999973	1.7976091548417492	0.4117647058823529	20.051002003106113	26.804558823529373	23.309824089878774
C	2025-10-01	2.5	3.0	V4	0.65	0.45	44	1737.973999999997	2.082010527659228	0.4318181818181818	22.490388287177637	39.49940909090902	35.601083933108676
C	2025-10-01	3.0	1.5	UNFILTERED	—	0.45	75	-179.4579999999996	0.9464498696741332	0.41333333333333333	61.50912318341012	-2.392773333333328	-2.2282214948394956
C	2025-10-01	3.0	1.5	V4	0.65	0.45	48	348.10000000000133	1.1541637953788955	0.4583333333333333	38.699940492017014	7.252083333333361	8.565452276829165
C	2025-10-01	3.0	2.0	UNFILTERED	—	0.45	71	-55.609999999999694	0.9834174586934891	0.38028169014084506	55.897012119100644	-0.783239436619714	1.7577233811856365
C	2025-10-01	3.0	2.0	V4	0.65	0.45	46	381.38000000000005	1.1725133078334378	0.43478260869565216	35.8590423475523	8.290869565217392	13.115748334241818
C	2025-10-01	3.0	2.5	UNFILTERED	—	0.45	66	1250.1610000000023	1.4971487221741946	0.42424242424242425	25.80427280400671	18.941833333333367	13.769630703562799
C	2025-10-01	3.0	2.5	V4	0.65	0.45	41	1088.9300000000017	1.6781758450495927	0.43902439024390244	37.02100069830873	26.55926829268297	18.204316260835913
C	2025-10-01	3.0	3.0	UNFILTERED	—	0.45	62	1594.7390000000005	1.7959423753210508	0.46774193548387094	13.047105143487187	25.721596774193557	29.189115070969283
C	2025-10-01	3.0	3.0	V4	0.65	0.45	39	797.2659999999996	1.5604744939134647	0.46153846153846156	28.51701801694549	20.442717948717938	15.212665347647139
C	2024-01-01	1.5	1.5	UNFILTERED	—	0.45	511	897.7110000000056	1.1234978249543999	0.4227005870841487	43.09986415762221	1.7567729941291694	3.750066846052141
C	2024-01-01	1.5	1.5	V4	0.65	0.45	250	1479.2120000000039	1.4278775340662053	0.472	20.732151029193258	5.916848000000015	16.39405558760621
C	2024-01-01	1.5	2.0	UNFILTERED	—	0.45	456	-336.11699999999473	0.9533798457160388	0.3530701754385965	64.25165145316456	-0.7370986842105147	-1.426335002190852
C	2024-01-01	1.5	2.0	V4	0.65	0.45	215	54.761999999999915	1.014737551449023	0.37209302325581395	44.4287381423419	0.25470697674418563	5.303078795224465
C	2024-01-01	1.5	2.5	UNFILTERED	—	0.45	421	485.1069999999991	1.072183622009095	0.34441805225653205	39.76202277543023	1.152273159144891	6.04927583314198
C	2024-01-01	1.5	2.5	V4	0.65	0.45	182	450.06600000000003	1.1384292430414904	0.3626373626373626	33.86968401441522	2.47289010989011	11.386835784269442
C	2024-01-01	1.5	3.0	UNFILTERED	—	0.45	396	2283.8819999999996	1.2863964920385438	0.3560606060606061	33.4087538687127	5.767378787878787	18.273608539116857
C	2024-01-01	1.5	3.0	V4	0.65	0.45	183	1264.7800000000002	1.3107950143248595	0.37158469945355194	22.45828236702227	6.91136612021858	24.12606154186496
C	2024-01-01	2.0	1.5	UNFILTERED	—	0.45	417	-53.54699999999797	0.9927777310203516	0.4196642685851319	43.926821461108354	-0.12841007194244117	0.7073592440020893
C	2024-01-01	2.0	1.5	V4	0.65	0.45	191	113.46199999999682	1.0306253772096785	0.4397905759162304	42.21770165464893	0.5940418848167373	6.043791583300916
C	2024-01-01	2.0	2.0	UNFILTERED	—	0.45	380	-1006.7180000000045	0.8562259259137597	0.3631578947368421	100.56329714133865	-2.649257894736854	-2.333085160274805
C	2024-01-01	2.0	2.0	V4	0.65	0.45	174	-256.31200000000405	0.9300030968697572	0.40804597701149425	60.89174774691411	-1.4730574712643911	7.617708197546603
C	2024-01-01	2.0	2.5	UNFILTERED	—	0.45	363	-39.43599999999648	0.9941297760693262	0.3443526170798898	46.547909469710376	-0.10863911845729059	-0.9493105072456994
C	2024-01-01	2.0	2.5	V4	0.65	0.45	163	545.3319999999994	1.158006104884052	0.3803680981595092	28.926267531203674	3.3455950920245363	9.427165660403954
C	2024-01-01	2.0	3.0	UNFILTERED	—	0.45	340	1187.0459999999966	1.196906939116477	0.36470588235294116	38.170036069127114	3.4913117647058725	7.617161876754917
C	2024-01-01	2.0	3.0	V4	0.65	0.45	142	1479.4129999999957	1.4975636612883783	0.4225352112676056	19.85623617022933	10.418401408450674	35.19900714313962
C	2024-01-01	2.5	1.5	UNFILTERED	—	0.45	355	339.72300000000365	1.051830933053829	0.43380281690140843	47.16839183545855	0.9569661971831088	0.5101125301720072
C	2024-01-01	2.5	1.5	V4	0.65	0.45	163	866.8890000000036	1.2610953373003635	0.5153374233128835	28.41926612410523	5.318337423312906	19.37874624667647
C	2024-01-01	2.5	2.0	UNFILTERED	—	0.45	333	-760.9860000000024	0.8876624366834799	0.3813813813813814	88.50801466750234	-2.2852432432432503	-3.7806588300245987
C	2024-01-01	2.5	2.0	V4	0.65	0.45	152	685.882999999998	1.2045265937382115	0.48026315789473684	34.545109353361056	4.512388157894724	21.670496486745286
C	2024-01-01	2.5	2.5	UNFILTERED	—	0.45	319	-579.569000000002	0.9140282514478838	0.3667711598746082	77.63973639518991	-1.8168307210031411	-2.681755285772515
C	2024-01-01	2.5	2.5	V4	0.65	0.45	149	903.6689999999976	1.2500741641862245	0.436241610738255	33.26571105058186	6.064892617449648	24.858501601903182
C	2024-01-01	2.5	3.0	UNFILTERED	—	0.45	307	946.5549999999982	1.1618030565240192	0.3583061889250814	60.1101462688305	3.083241042345271	-2.844275178150867
C	2024-01-01	2.5	3.0	V4	0.65	0.45	140	2105.817999999999	1.7100423364772115	0.4357142857142857	19.48908354103596	15.041557142857135	28.71990399802422
C	2024-01-01	3.0	1.5	UNFILTERED	—	0.45	313	-52.047999999997685	0.9918226048227594	0.43130990415335463	57.38750304379856	-0.16628753993609485	-1.3415436978364597
C	2024-01-01	3.0	1.5	V4	0.65	0.45	144	774.4479999999987	1.230350072336861	0.5138888888888888	31.82758938102931	5.378111111111102	15.766797485502783
C	2024-01-01	3.0	2.0	UNFILTERED	—	0.45	295	-46.38299999999915	0.9927034432549287	0.4101694915254237	55.60157228273137	-0.1572305084745734	-0.39858133916732447
C	2024-01-01	3.0	2.0	V4	0.65	0.45	135	645.1849999999997	1.188968349994391	0.45185185185185184	31.43675904110104	4.779148148148146	14.397802416256267
C	2024-01-01	3.0	2.5	UNFILTERED	—	0.45	286	-101.70399999999768	0.9832657435270842	0.3986013986013986	61.98661460398931	-0.3556083916083835	-3.340843403093003
C	2024-01-01	3.0	2.5	V4	0.65	0.45	131	642.2350000000013	1.203189284136914	0.4580152671755725	35.61996346502066	4.902557251908407	14.019855516180623
C	2024-01-01	3.0	3.0	UNFILTERED	—	0.45	276	1660.9360000000008	1.346638778665847	0.4311594202898551	49.691795115525444	6.017884057971018	5.01951738751034
C	2024-01-01	3.0	3.0	V4	0.65	0.45	126	1218.687999999998	1.4917633766443383	0.49206349206349204	22.407601528764964	9.672126984126969	18.832438406871926
